time,X,Y,output
0.0,1.0,0.0,0.9573021728301645
0.05,0.9995522766116152,0.029846027264185213,0.88734090706179
0.1,0.998218428575663,0.05936843389772137,0.9157480615610527
0.15,0.9960129062922035,0.08854420261455864,0.9745119649209192
0.2,0.9929507588366201,0.11735099222298662,0.9482967396161236
0.25,0.9890476171897579,0.14576714761043963,0.9524441604643731
0.3,0.9843197192716812,0.17377166850817521,1.0492732339121629
0.35,0.9787838042265669,0.20134427025630544,0.9025606460114144
0.4,0.9724571006148047,0.22846539132812638,1.0063572320068783
0.45,0.9653573264129979,0.2551161933301173,0.9138622398079778
0.5,0.9575026890139616,0.2812785610019426,0.9476338963181389
0.55,0.9489118005853919,0.3069351320621392,1.0195578922852226
0.6,0.9396037006988208,0.3320692647191131,0.8405015225296684
0.65,0.929597957378355,0.3566649874406317,0.9793881266973434
0.7,0.9189144318756726,0.38070709148348825,0.8637534212115338
0.75,0.90757327388033,0.40418113274312234,0.8383279356691669
0.8,0.895594921519762,0.4270734317536208,0.9959734840833045
0.85,0.8830001013592829,0.4493710736877148,0.9043498030007253
0.9,0.8698098284020844,0.4710619083567835,0.9127035570025305
0.95,0.8560454060892368,0.49213455021085256,0.8860010500605005
1.0,0.8417284260283467,0.5125783783420178,0.9395025333511315
1.05,0.8268804609874265,0.5323835244228443,0.834397670031011
1.1,0.8115234071690444,0.5515408144264393,0.8240120578585618
1.15,0.7956795252323229,0.5700417975981303,0.8271296450310008
1.2,0.7793711042244837,0.5878787626253648,0.6128704872251295
1.25,0.7626204615808471,0.6050447376377102,0.6753717598978879
1.3,0.745449943124831,0.6215334902068548,0.7562748756685316
1.35,0.7278819230679547,0.6373395273466057,0.846384749651347
1.4,0.7099388040098337,0.6524580955128914,0.6373757015474675
1.45,0.6916430169381838,0.6668851806037596,0.7128841983402603
1.5,0.6730170212288192,0.6806175079593783,0.712786390503123
1.55,0.6540833046456511,0.6936525423620369,0.6493217624980024
1.6,0.6348643833406908,0.7059884880361439,0.6160137466123323
1.65,0.6153824970483632,0.7176241622366066,0.5780621984654637
1.7,0.595659637771859,0.7285589077757694,0.5311588645711643
1.75,0.5757183045181188,0.7387929098964799,0.5891223747284203
1.8,0.555580775369515,0.7483269705937705,0.5267243791693009
1.85,0.5352690865497014,0.7571625011175603,0.6414126618102224
1.9,0.5148050324236123,0.7653015219726563,0.4502054959590147
1.95,0.494210165497464,0.7727466629187519,0.50338253814731
2.0,0.47350579641875234,0.7795011629704285,0.5064301795039086
2.05,0.45271299397625553,0.785568870397154,0.44944033120752136
2.1,0.43185258510003244,0.790954242723284,0.46964878362691875
2.15,0.41094515486142186,0.7956623467280611,0.36327273487273504
2.2,0.3900110464730463,0.7996988584456151,0.3569729419674711
2.25,0.369070361288807,0.803070063164963,0.3703621706082462
2.3,0.3481429588038872,0.8057828554300092,0.3385709875555059
2.35,0.32724844985162627,0.8078447317412808,0.35077817962949936
2.4,0.30640563440724483,0.8092631164312493,0.32775108285327403
2.45,0.285633360903174,0.8100461210927801,0.13492257396799523
2.5,0.26495047819291256,0.8102026658351714,0.2193110063016272
2.55,0.24437538655173052,0.8097420413014829,0.28997922248786184
2.6,0.22392603767667008,0.808673908668535,0.2986201074105332
2.65,0.20361993468654518,0.8070082996469086,0.18964194546394542
2.7,0.18347413212194108,0.8047556164809461,0.08915188444888743
2.75,0.16350523594521588,0.8019266319487507,0.0995843105508361
2.8,0.14372940354049848,0.7985324893621863,0.15018076468741737
2.85,0.12416234371368949,0.794584702566878,0.12839158436637232
2.9,0.10481931669246315,0.7900951559422119,0.014982380341720572
2.95,0.08571513412626164,0.7850761044013339,0.10091510260880343
3.0,0.0668641590863043,0.779540173391153,0.057064747700600965
3.05,0.048280306065576616,0.7735003588923369,0.017044514505652336
3.1,0.029977040978840522,0.7669700274193157,-0.046757529871201464
3.15,0.011967381162625914,0.7599629160202795,0.03954522245665036
3.2,-0.005736198662025776,0.7524927199974953,-0.003445030613172998
3.25,-0.02312173440315138,0.7445726333603696,-0.05515925547448544
3.3,-0.040177365057748216,0.7362171227941742,-0.0779553220346553
3.35,-0.056891730446270466,0.7274408151518064,-0.06479273548578951
3.4,-0.07325399428920173,0.7182584162973175,-0.07143644740375282
3.45,-0.08925384420705589,0.7086847111059122,-0.08725427311061476
3.5,-0.10488149172037602,0.6987345634639497,-0.0958815221152834
3.55,-0.12012767224973606,0.6884229162689418,-0.06244933382935031
3.6,-0.1349836451157391,0.6777647914295548,-0.11867252985423601
3.65,-0.14944119353901733,0.6667752898656095,-0.21644004887662632
3.7,-0.16349262464023456,0.6554695915080787,-0.20554716693074218
3.75,-0.1771307694400832,0.6438629552990901,-0.24212572961072618
3.8,-0.19034898285928434,0.6319707191919266,-0.24119487249198246
3.85,-0.20314114371859296,0.6198083001510202,-0.23588450513814302
3.9,-0.21550165473878785,0.6073911941519635,-0.2702663081594636
3.95,-0.22742544254068456,0.5947349761814953,-0.12053441864012282
4.0,-0.2389079576451218,0.5818553002375151,-0.18078464859759052
4.05,-0.2499451738586715,0.5687678958375237,-0.14792054160449253
4.1,-0.26053332452309086,0.5554874375761351,-0.21807454324859504
4.15,-0.27066897138374035,0.5420289398141324,-0.3117255357954815
4.2,-0.28034924894204183,0.528408211828831,-0.3002448494410158
4.25,-0.2895717402621287,0.5146408706651424,-0.30935192261910366
4.3,-0.298334476970845,0.5007423411355748,-0.21951888655581964
4.35,-0.3066359392577458,0.4867278558202327,-0.3214608251886506
4.4,-0.31447505587509716,0.4726124550668173,-0.28290443277425714
4.45,-0.32185120413787566,0.458410986990627,-0.35078115662722514
4.5,-0.3287642099237692,0.44413810747455573,-0.32504856483255956
4.55,-0.3352143476731766,0.42980828016909417,-0.3366461674891617
4.6,-0.3412023403892073,0.4154357764923306,-0.4195716769861834
4.65,-0.3467293596376821,0.401034675629948,-0.30154391616005016
4.7,-0.35179702554713205,0.38661886453522837,-0.37817026922349617
4.75,-0.3564074068087998,0.3722020379290485,-0.3660241766431924
4.8,-0.36056302067663876,0.35779769829988084,-0.27916823144567027
4.85,-0.36426683296731294,0.343419155903797,-0.4227310663267335
4.9,-0.3675222580601978,0.32907952876446256,-0.3574256559965957
4.95,-0.370333158897379,0.31479174267314236,-0.3022327191515741
5.0,-0.37270384698365344,0.30056853118869714,-0.3216039955467759
5.05,-0.3746390823865295,0.28642243563758185,-0.33751767297969826
5.1,-0.3761433750357787,0.2723652514018488,-0.4484097927471612
5.15,-0.3772208142374576,0.2584081960199632,-0.39055843055095285
5.2,-0.37787695451619047,0.24456334976060312,-0.36826964135661416
5.25,-0.37811761788562603,0.23084246684242385,-0.3212088966483917
5.3,-0.3779488601781539,0.2172569456841697,-0.43019997970279295
5.35,-0.37737697104490464,0.20381782890467443,-0.3291864707797495
5.4,-0.37640847395575006,0.19053580332286044,-0.3491383137178176
5.45,-0.37505012619930245,0.17742119995773972,-0.387036677975967
5.5,-0.37330891888291556,0.1644839940284131,-0.3487094398626619
5.55,-0.37119207693268375,0.15173380495407046,-0.4327603524062337
5.6,-0.3687070590934424,0.13917989635399072,-0.25972816440037433
5.65,-0.36586155792876807,0.1268311760475419,-0.41181751779260545
5.7,-0.362663499820978,0.11469619605418156,-0.32308811258590625
5.75,-0.35912104497113073,0.1027831525934558,-0.30649290654314804
5.8,-0.35524258739902537,0.09109988608500008,-0.303480634461869
5.85,-0.35103675494320213,0.07965388114853848,-0.44579533666311816
5.9,-0.3465124092609422,0.06845226660388473,-0.326607285934274
5.95,-0.34167864582826807,0.057501815470941825,-0.3666309481097315
6.0,-0.3365447939399428,0.04680894496970149,-0.30970821155165995
6.05,-0.3311204167094707,0.03637971652024486,-0.3610250687509208
6.1,-0.3254153110690963,0.026219835742740814,-0.28523215506812544
6.15,-0.31943950776980556,0.01633465245744819,-0.2724642662670524
6.2,-0.3132027223427409,0.006729226736938974,-0.36704790524433667
6.25,-0.30671317584001734,-0.0025913698500861977,-0.3682133852214441
6.3,-0.29998096276542485,-0.011622430438076039,-0.24689904325080747
6.35,-0.2930163730502424,-0.020359608706121975,-0.2869355839920742
6.4,-0.28582967684813604,-0.028798902403959065,-0.24659200799819445
6.45,-0.27843112453515906,-0.0369366533519652,-0.3147891597988659
6.5,-0.2708309467097516,-0.044769547441162315,-0.2791518317960163
6.55,-0.2630393541927412,-0.05229461463321543,-0.20046132993266721
6.6,-0.2550665380273422,-0.05950922896043313,-0.24764021474228926
6.65,-0.24692266947915598,-0.06641110852576744,-0.20666193358203502
6.7,-0.23861790003617128,-0.07299831550281351,-0.25892534892413066
6.75,-0.2301623614087639,-0.07926925613581023,-0.1808288503165498
6.8,-0.221566165529697,-0.08522268073963953,-0.21033513929023498
6.85,-0.21283940455411965,-0.09085768369982745,-0.33737598892465925
6.9,-0.20399215085956982,-0.09617370347254256,-0.1762193497619676
6.95,-0.1950344570459709,-0.10117052258459754,-0.18665583926384294
7.0,-0.18597635593563394,-0.10584826763344829,-0.07941623063880938
7.05,-0.17682786057325822,-0.11020740928719366,-0.1891494447198267
7.1,-0.16759896422592796,-0.11424876228457681,-0.1671730608981484
7.15,-0.1582996403831161,-0.11797348543498355,-0.15915303037949494
7.2,-0.14893984275668185,-0.12138308161844366,-0.1800325863550937
7.25,-0.1395295052808737,-0.12447939778562916,-0.1506872287147522
7.3,-0.130078279183803,-0.1272644302773484,-0.1355986200404666
7.35,-0.12059440898521726,-0.12973932677755157,-0.07671164084317444
7.4,-0.11108747879580678,-0.13190631445867826,-0.09777336334349165
7.45,-0.10156718231306103,-0.13376803116324937,-0.11929539120987634
7.5,-0.09204301286767728,-0.13532731584308857,-0.14224895787029976
7.55,-0.0825242634235615,-0.13658720855932197,-0.06995578929018421
7.6,-0.07302002657782788,-0.1375509504823782,-0.14934261789191883
7.65,-0.06353919456079922,-0.13822198389198856,-0.025783341359546658
7.7,-0.05409045923600698,-0.1386039521771867,0.033867498589609975
7.75,-0.044682312100190705,-0.13870069983630906,-0.06761382785419148
7.8,-0.03532304428329864,-0.13851627247699444,-0.04435921234906136
7.85,-0.026020746548486753,-0.13805491681618415,-0.09385428374620956
7.9,-0.016783309292120043,-0.1373210806801221,0.020107488616093856
7.95,-0.007618422543772609,-0.13631941300435502,0.0068554104125919885
8.0,0.001466424033774313,-0.1350547638337317,-0.024845861152489733
8.05,0.010463941144530172,-0.13353218432240394,0.021420667766496315
8.1,0.019367039859296914,-0.1317569267338255,0.02668831866648211
8.15,0.02816883161566634,-0.12973444444075355,0.007766512315776592
8.2,0.036862628218024475,-0.12747039192524667,0.027455487862953903
8.25,0.04544194183754542,-0.12497062477866734,-0.057297310962398644
8.3,0.053900485012198955,-0.12224119970167913,0.12124799813751969
8.35,0.062232170646742295,-0.11928837450424949,0.059715019751362175
8.4,0.0704311120127274,-0.11611860810564742,0.042892025591214966
8.45,0.07849162274849672,-0.11273856053444484,-0.010345681279185406
8.5,0.08640824918957916,-0.10915476785268596,0.11125603449430385
8.55,0.09417581227341185,-0.10537222900325746,0.06576886496105028
8.6,0.10178906245310645,-0.10139746002648765,-0.015358988730568526
8.65,0.10924295184691686,-0.09723729874346013,0.143396121397213
8.7,0.11653267635394154,-0.09289859538296785,0.15186435283390293
8.75,0.12365367565412577,-0.08838821258151223,0.11343015570648564
8.8,0.1306016332082597,-0.08371302538330375,0.07582645346858392
8.85,0.13737247625797924,-0.07887992124026198,0.1503533613709346
8.9,0.14396237582576676,-0.07389580001201476,0.16607410809443707
8.95,0.15036774671494935,-0.0687675739658994,0.16790003965553602
9.0,0.15658524750970074,-0.0635021677769616,0.2199138429158916
9.05,0.1626117805750396,-0.05810651852795625,0.2099561546952301
9.1,0.1684444920568306,-0.052587575709347086,0.23203851873704362
9.15,0.17408077188178442,-0.04695230121930628,0.18143891499795775
9.2,0.1795182537574565,-0.04120766936371603,0.09323882062112973
9.25,0.18475481517224981,-0.0353606668561651,0.21555593414333374
9.3,0.18978857739541075,-0.029418292817954033,0.2846101867731706
9.35,0.19461790547703292,-0.023387558778090328,0.21604864149994246
9.4,0.19924140824805542,-0.017275488673290477,0.20410918944075088
9.45,0.20365793832026258,-0.01108911884798074,0.23426956083083902
9.5,0.20786659208628533,-0.004835498054294799,0.16810063569148478
9.55,0.21186670971959895,0.001478312547922832,0.270635613639321
9.6,0.2156578499594547,0.00784529811558382,0.23184804444963544
9.65,0.21923925814921064,0.014259543027461534,0.21781930015298667
9.7,0.22261052674207374,0.02071442103455678,0.1930373371493181
9.75,0.22577160432906176,0.02720295358629609,0.2076891294168293
9.8,0.22872261791559625,0.03371828662137906,0.16178813657427285
9.85,0.23146387292150283,0.040253690567778916,0.17602008286901868
9.9,0.23399585318101165,0.04680256034274326,0.2943617102438212
9.95,0.23631922094275656,0.05335841535279255,0.1981518461293284
10.0,0.23843481686977588,0.05991489949372169,0.1772650212245499
10.05,0.24034366003951182,0.06646578115059884,0.21744769759934893
10.1,0.24204694794381074,0.0730049531977656,0.3154104994157836
10.15,0.24354605648892327,0.07952643299883816,0.2804730850005791
10.2,0.24484253999550407,0.08602436240670495,0.2744280102649862
10.25,0.24593813119861194,0.09249300776353016,0.20437551873429108
10.3,0.2468347412477098,0.09892675990074978,0.3089141334078975
10.35,0.2475344597066647,0.1053201341390739,0.34149486775655863
10.4,0.2480395545537479,0.11166777028848741,0.27144080570785517
10.45,0.24835247218163464,0.11796443264824712,0.2889859562311216
10.5,0.2484758373974044,0.12420501000688558,0.27427897446163507
10.55,0.24841245342254073,0.1303845156422069,0.14934736793988979
10.6,0.24816530189293134,0.13649808732129076,0.21915529442787907
10.65,0.2477375428588681,0.14254098730048886,0.24827492392484884
10.7,0.24713251478504694,0.14850860232542765,0.23142163912210648
10.75,0.2463537345505679,0.1543964436310084,0.21673001008157539
10.8,0.24540480239031823,0.16020018548527193,0.2950661266492814
10.85,0.24428820262687423,0.16591606531684291,0.19082856884153984
10.9,0.24300729713366737,0.17153997247326017,0.2571094547874602
10.95,0.24156591020813462,0.17706777896406245,0.41276883093007277
11.0,0.23996791592444372,0.18249552937291633,0.19099645949723595
11.05,0.2382172381334937,0.18781944085761462,0.18301377333164143
11.1,0.2363178504629146,0.19303590315007718,0.2322973991296242
11.15,0.23427377631706725,0.19814147855635136,0.29248764581749687
11.2,0.23208908887704402,0.2031329019566105,0.1836381020954324
11.25,0.2297679111006678,0.20800708080515584,0.2699486037353511
11.3,0.2273144157224928,0.21276109513041488,0.20466152351358907
11.35,0.22473282525380459,0.21739219753494196,0.14963854184865677
11.4,0.22202741198261905,0.22189781319541915,0.250704336389887
11.45,0.21920249797368366,0.2262755398626546,0.23155264942637746
11.5,0.21626245506847686,0.23052314786158387,0.22996602110333378
11.55,0.21321170488520802,0.23463858009126926,0.24198270139646258
11.6,0.2100547188188177,0.23861995202489994,0.24419369060548923
11.65,0.20679601804097747,0.24246555170979217,0.2191721412860726
11.7,0.20344017350009003,0.24617383976738882,0.17690334341271582
11.75,0.19999180592128887,0.24974344939326024,0.21696881610598948
11.8,0.19645558580643824,0.25317318635710373,0.23676681819380807
11.85,0.1928362334341349,0.25646202900274223,0.13576970146414558
11.9,0.18913851885970437,0.25960912824812776,0.3296472628672803
11.95,0.1853672619152059,0.26261380758533676,0.23259219211745402
12.0,0.18152733220942766,0.2654755630805746,0.1459109149897718
12.05,0.1776236478318176,0.26819406299931503,0.1447220138078318
12.1,0.17366002986630236,0.2707687651130419,0.19655232705529735
12.15,0.16964044946709678,0.2731991319293924,0.12426407153148263
12.2,0.16556981740249438,0.27548499787920844,0.1009043993859643
12.25,0.16145297385755356,0.2776263207434437,0.17422520394892618
12.3,0.1572946884340987,0.27962318165316297,0.1563537480648625
12.35,0.1530996601507196,0.28147578508954263,0.12148304968418004
12.4,0.1488725174427712,0.2831844588838708,0.14842555701012577
12.45,0.14461781816237448,0.28474965421754656,0.15325533768971786
12.5,0.14034004957841534,0.2861719456220809,0.18871687896069012
12.55,0.1360436283765456,0.2874520309790961,0.21427382028400338
12.6,0.13173290065918267,0.2885907315203258,0.16938172195255594
12.65,0.12741214194550882,0.28958899182761544,0.21263540293006372
12.7,0.12308555717147253,0.2904478798329215,0.23167816258148555
12.75,0.11875728068978725,0.2911685868183122,0.09925226238642912
12.8,0.11443137626993242,0.29175242741596724,0.16460392232084037
12.85,0.11011183709815271,0.2922008396081776,0.1548073068182041
12.9,0.10580258577745791,0.292515384727346,0.152040369148271
12.95,0.10150747432762433,0.29269774745598626,0.11282552140692502
13.0,0.09723028418519238,0.29274973582672403,0.17209174800924193
13.05,0.092974726203469,0.2926732812222962,0.13035427420359458
13.1,0.08874444065252662,0.2924704383755512,0.1010558921752139
13.15,0.08454299721920247,0.2921433853694489,0.07500896575245328
13.2,0.0803738950071007,0.2916944236370608,0.033345602462939626
13.25,0.07624056253658859,0.2911259779615695,0.14378138286885517
13.3,0.07214635774480092,0.2904405964762695,-0.017468614387701156
13.35,0.06809456798563784,0.2896409506645666,0.07668891060447496
13.4,0.06408841002976412,0.2887298353599778,0.11064976132520773
13.45,0.06013102177587518,0.28771014818531454,0.021459581512043142
13.5,0.05622496964648381,0.28658354309448586,0.09619636152047971
13.55,0.05237302599913473,0.28535210572334,0.03667303293523227
13.6,0.048578185815053826,0.284018708390819,0.11428532228204397
13.65,0.0448433284787056,0.2825862428916341,0.07169330026805187
13.7,0.04117121777779402,0.2810576204962664,-0.07134171737810086
13.75,0.03756450190326155,0.2794357719509663,0.058869744663456014
13.8,0.03402571344928997,0.27772364747775397,-0.016817379635242886
13.85,0.030557269413300118,0.27592421677441914,0.04606447651141273
13.9,0.02716147119595134,0.2740404690145208,0.04040837520716125
13.95,0.023840504601142464,0.2720754128473878,0.09145110069810163
14.0,0.020596439836010928,0.2700320763981184,0.032293344214882835
14.05,0.017431231510933377,0.26791350726758045,-0.0004346756693353847
14.1,0.014346718639525457,0.26572277253241144,-0.0035474101619409806
14.15,0.011344624638641512,0.26346295874501824,0.0615858668758964
14.2,0.008426557328375207,0.2611371719335774,0.03277702074278881
14.25,0.005594008932058883,0.2587485376020349,-0.04703176867617376
14.3,0.002848356076263941,0.25630020073010634,0.01199327603121577
14.35,0.00019085979080116493,0.2537953257732772,0.041455653804114596
14.4,-0.0023773344912803563,0.2512370966628018,0.062044772084991213
14.45,-0.004855196933692036,0.24862871680570472,-0.03540994892628889
14.5,-0.007241813296906842,0.24597340908477935,-0.004196427010923976
14.55,-0.009536384938157953,0.2432744158585897,0.08124268904094845
14.6,-0.011738228811440253,0.24053499896146838,-0.0054001760983789305
14.65,-0.013846777467509445,0.23775843970351787,-0.05995129466651325
14.7,-0.015861579053882538,0.2349480388706099,-0.03731646729040734
14.75,-0.017782297314836788,0.23210711672438664,-0.05456315394942193
14.8,-0.0196087081494873,0.22923900534087316,0.038525122565449224
14.85,-0.02134027511836779,0.22634619267924877,-0.04113116638469993
14.9,-0.022976543621885136,0.22343140073951873,0.06388485493480983
14.95,-0.024517377484599815,0.22049787784083977,0.005001953773664136
15.0,-0.02596272302174309,0.2175488142869707,-0.13685499658589148
15.05,-0.027312609039216573,0.21458734236627314,-0.0020747355303770212
15.1,-0.028567146833592447,0.21161653635171115,0.0660628800368615
15.15,-0.029726530192113545,0.20863941250085088,-0.08111597699600208
15.2,-0.030791035392693084,0.20565892905586144,-0.03218951763165667
15.25,-0.03176102120391496,0.20267798624351396,-0.028849220292479726
15.3,-0.032636928885033514,0.1996994262751823,0.004830689367187543
15.35,-0.03341928218597362,0.19672603334684283,0.061054509785898235
15.4,-0.03410868734733077,0.19376053363907406,-0.12149121757482137
15.45,-0.03470583310037089,0.19080559531705724,0.03883983302955248
15.5,-0.035211490667030554,0.18786382853057604,-0.034496190573999844
15.55,-0.03562651375991679,0.1849377854140165,-0.10608786128101655
15.6,-0.035951838582307175,0.18202996008636724,-0.0722379535392361
15.65,-0.036188483828149855,0.17914278865121896,-0.06743538190195195
15.7,-0.036337550682063506,0.17627864919676556,-0.018366260275796926
15.75,-0.03640022281933733,0.1734398617958027,-0.004542131266655161
15.8,-0.03637776640593106,0.17062868850572888,-0.03139988819405948
15.85,-0.03627153009847499,0.1678473333685449,0.02345960730636027
15.9,-0.03608294504426991,0.1650979424108538,0.02079838428079378
15.95,-0.03581352488128722,0.16238260364386187,-0.054125200770001526
16.0,-0.03546486573816879,0.15970334706337702,-0.010364877858184452
16.05,-0.03503864623422705,0.15706214464981003,-0.033036927429253675
16.1,-0.03453662747944496,0.15446091036817403,-0.09155466567968135
16.15,-0.03396051979947341,0.1519014248252978,0.018589772691093256
16.2,-0.03331123181494297,0.14938499339059777,-0.060576975307559545
16.25,-0.03259041248336016,0.14691338343626148,0.0043703852793396045
16.3,-0.03179991308084964,0.144488398917465,0.061215617436694916
16.35,-0.030941599161323937,0.14211176278618207,-0.014134448635310468
16.4,-0.030017350556483503,0.13978511699118412,-0.05774342681950059
16.45,-0.029029061375816397,0.13751002247803992,-0.09799029651191818
16.5,-0.02797864000659876,0.1352879591891163,0.00940417802350435
16.55,-0.026868009113894493,0.1331203260635776,-0.035497969222146195
16.6,-0.02569910564055542,0.13100844103738593,-0.05635231785176546
16.65,-0.024473880807221113,0.128953541043301,0.00020848898594268833
16.7,-0.023194300112319002,0.12695678201087998,-0.035122781204391794
16.75,-0.02186234333206438,0.125019238866478,0.0062007234630231806
16.8,-0.020480004520460397,0.12314190553324773,-0.10508898394058541
16.85,-0.0190492920092981,0.12132569493113952,-0.005645403079395723
16.9,-0.017572228408156462,0.11957143897690158,-0.06159929889136101
16.95,-0.016050850604401874,0.11787988858407923,-0.011415491580039176
17.0,-0.014487209763189068,0.11625171366301604,-0.03068490404221915
17.05,-0.012883371327460438,0.11468750312085299,0.04139356295603669
17.1,-0.011241415017946137,0.11318776486152872,-0.02464884378702755
17.15,-0.009563434833164547,0.11175292578577978,-0.05582329196821165
17.2,-0.007851539049421232,0.1103833317911399,-0.010439200230565101
17.25,-0.006107850220810007,0.10907924777194078,0.08991597902828788
17.3,-0.00433450517921269,0.10784085761931189,-0.026760284511171847
17.35,-0.002533655034298601,0.10666826422118014,0.06765764121943285
17.4,-0.0007074651735253912,0.10556148946227042,-0.05309085560919968
17.45,0.0011418847378621808,0.10452047422410478,0.01603116828260168
17.5,0.0030122007568307535,0.10354507838500346,-0.027110786413410616
17.55,0.004901274662559836,0.10263508082008385,0.057868303809882324
17.6,0.006806883956440318,0.10179017940126156,0.08346365979026978
17.65,0.008726791862075865,0.10100999099724936,-0.053156330956118485
17.7,0.0106590565310143,0.10029432377995341,-0.0452062117820414
17.75,0.012602384481245545,0.09964353712705332,0.005274808255706119
17.8,0.01455472952804608,0.09905730314305047,0.06294384394663373
17.85,0.016514029004245118,0.09853520106329439,0.1368409691344595
17.9,0.01847825983149654,0.09807676500783419,-0.0332822640398339
17.95,0.020445438520279458,0.09768148398141856,0.0525606476167256
18.0,0.0224136211698974,0.09734880187349594,-0.0015527273486284146
18.05,0.024380903468478828,0.09707811745821433,0.10506852749516726
18.1,0.02634542069297706,0.0968687843944214,-0.05157966832758911
18.15,0.02830534770916998,0.09672011122566442,0.016439578411351678
18.2,0.030258898971660866,0.0966313613801903,0.03669495813495953
18.25,0.032204328523877265,0.09660175317094559,0.0647943290917605
18.3,0.03413992999807176,0.0966304597955765,0.07733912117915692
18.35,0.03606403661532173,0.09671660933642882,0.02464588255871001
18.4,0.037975021185529194,0.096859284760548,-0.05758146198241808
18.45,0.03987129610742145,0.09705752391967916,0.04527231348682649
18.5,0.04175131336855022,0.09731031955026699,0.0166821497466854
18.55,0.04361356454529186,0.09761661927345579,-0.02298725528173976
18.6,0.04545658080284824,0.09797532559508965,-0.0037057811836489277
18.65,0.047278932895244964,0.09838529590571199,0.048023455819400866
18.7,0.04907923116533407,0.09884534248056633,0.04911728040699798
18.75,0.05085612554479085,0.09935423247959539,0.1295631998342679
18.8,0.052608305554116004,0.09991068794744166,0.08969152524696464
18.85,0.05433450030263514,0.10051338581344733,-0.042398006624253304
18.9,0.05603347848849861,0.10116095789165419,-0.01333826393682435
18.95,0.05770412875390925,0.10185215202867476,-0.02582317027413776
19.0,0.05934553649027511,0.10258609595768492,-0.019133069205209484
19.05,0.060956528267376416,0.10336141259169242,0.062485599943398126
19.1,0.06253595740782304,0.10417667688141287,0.06699061993459364
19.15,0.0640827301621864,0.10503046342726173,0.059347961048718076
19.2,0.06559580570899975,0.10592134647935449,0.06929256900036615
19.25,0.06707419615475776,0.10684789993750633,0.02247880679253992
19.3,0.06851696653391673,0.10780869735123243,0.02437850702241215
19.35,0.06992323480889459,0.10880231191974776,0.1378223572962248
19.4,0.07129217187007081,0.1098273164919672,0.07369118080631046
19.45,0.07262300153578674,0.11088228356650566,0.0363746758663373
19.5,0.07391500055234505,0.11196578529167772,0.06703652157449183
19.55,0.07516749859401012,0.11307639346549792,0.045033234282420044
19.6,0.07637987826300793,0.1142126795356807,0.05791849938730437
19.65,0.07755157508952604,0.11537321459964028,0.03063924424782509
19.7,0.07868207753171377,0.11655656940449097,0.07282416183721523
19.75,0.0797709269756819,0.11776131434704677,0.07577456316669508
19.8,0.08081771773550289,0.1189860194738217,0.16284280895224496
19.85,0.08182209705321078,0.12022925448102953,0.1852711393466215
19.9,0.08278376509880109,0.1214895887145838,0.08315612681155493
19.95,0.08370247497023135,0.12276559117009846,-0.04711488465721661
20.0,0.08457803269342029,0.12405583049288675,0.15964007214099213
20.05,0.08541029722224834,0.12535887497796194,0.1580039010788883
20.1,0.08619918043855777,0.12667329257003748,-0.007346502631693258
20.15,0.08694464715215222,0.12799765086352638,0.07827522212006269
20.2,0.0876467151007969,0.12933051710254145,0.043115304319193574
20.25,0.08830545495021898,0.13067045818089595,0.14767501342856437
20.3,0.08892099029410677,0.13201604064210223,0.09711173340469319
20.35,0.08949349765411062,0.13336583067937324,0.06497785334832555
20.4,0.090023203510939,0.1347183993734523,0.08112272482161485
20.45,0.09051006231263437,0.13607284250693158,0.12201573081978724
20.5,0.09095408463401336,0.13742809104124948,0.04503497903492806
20.55,0.09135549467288992,0.1387827540807492,0.11464950312960008
20.6,0.09171454636215612,0.14013547401013596,0.14064165572498138
20.65,0.0920315233697821,0.1414849264944769,0.05602437655148049
20.7,0.09230673909881625,0.14282982047920154,0.08807052088753518
20.75,0.09254053668738499,0.1441688981901012,0.09599346481354253
20.8,0.09273328900869288,0.14550093513332926,0.056118726848176204
20.85,0.0928853986710226,0.14682474009540125,0.11902035076174416
20.9,0.09299729801773504,0.14813915514319453,0.12308790865474445
20.95,0.0930694491272691,0.14944305562394894,0.11935534422626101
21.0,0.09310234381314188,0.15073535016526596,0.1299963645514479
21.05,0.0930965036239486,0.15201498067510932,0.07946983106432898
21.1,0.09305247984336257,0.15328092234180477,0.09817603453136661
21.15,0.09297085349013529,0.15453218363403992,-0.002075208423546221
21.2,0.09285223531809632,0.1557678063008649,0.06016335165285179
21.25,0.09269726581615338,0.15698686537169146,0.11315808737351735
21.3,0.09250661520829234,0.15818846915629348,0.09224528579516451
21.35,0.09228098345357715,0.15937175924480707,0.16704025005902717
21.4,0.09202110024614996,0.16053591050773008,0.0822407053658872
21.45,0.0917277250152309,0.161680131095923,0.09326214401411663
21.5,0.09140164692511842,0.16280366244060757,0.11320612531856564
21.55,0.09104368487518898,0.16390577925336813,0.10842463745497277
21.6,0.09065468749989712,0.1649857895261511,0.03664758357233643
21.65,0.09023553316877574,0.16604303453126434,0.10121699003313923
21.7,0.08978712998643547,0.16707688882137897,0.0631126938495242
21.75,0.08931041579256553,0.16808676022952662,0.17577875305433222
21.8,0.08880635816193294,0.169072089869102,0.06509038275375938
21.85,0.08827595440438289,0.17003235213386197,0.06965307089393533
21.9,0.08772023156483891,0.17096705469792456,0.022869506321517283
21.95,0.08714019747040683,0.17187574692053365,0.14560226012400707
22.0,0.0865361871017704,0.17275809840677753,0.14606790506890382
22.05,0.08590898089872533,0.17361366332071654,0.12823091958245064
22.1,0.08525959054045913,0.17444197945121565,0.15366341471288597
22.15,0.08458902152430409,0.17524261807973104,0.0609764055718547
22.2,0.08389827316573711,0.17601518398031035,0.09698453312273811
22.25,0.08318833859838004,0.17675931541959228,0.17509938417352977
22.3,0.08246020477399937,0.17747468415680687,-0.03277126940756275
22.35,0.08171485246250641,0.1781609954437754,0.10987431767616455
22.4,0.08095325625195729,0.17881798802491036,0.06898361553822933
22.45,0.08017638454855269,0.17944543413721573,0.1829914468380431
22.5,0.07938519957663824,0.18004313951028644,0.09749303007041227
22.55,0.07858065737870427,0.18061094336630892,0.12175751779212035
22.6,0.07776370781538591,0.18114871842006072,0.037993825349333946
22.65,0.07693529456546302,0.1816563708789107,0.06749943068037631
22.7,0.07609635512586012,0.18213384044281905,0.10160131308648676
22.75,0.07524782081164672,0.18258110030433708,0.15685031977080816
22.8,0.07439061675603684,0.1829981571486075,0.05103448302302965
22.85,0.07352566191038945,0.1833850511533642,0.04946440887397993
22.9,0.07265386904420829,0.1837418559889323,0.035082525257415675
22.95,0.07177614474514164,0.18406867881822833,0.02289171340917314
23.0,0.07089338941898272,0.18436566029675994,0.13320841001525363
23.05,0.0700064972896695,0.18463297457262606,0.13412427564425683
23.1,0.06911635639928461,0.184870829286517,0.13556232116593164
23.15,0.0682238486080558,0.18507946557171412,0.02147910275044694
23.2,0.06732984959435485,0.1852591580540903,0.1570149956236192
23.25,0.06643522885469912,0.18541021485210943,-0.039391323578636075
23.3,0.06554084970375004,0.18553297757682688,0.0763446839433018
23.35,0.06464756927431452,0.18562782133188907,0.02131394995703656
23.4,0.06375623851734348,0.1856951547135339,-0.011260525041098764
23.45,0.06286770220193323,0.1857354198105903,0.04054268330123663
23.5,0.0619827989153243,0.18574909220447874,-0.025581783983336603
23.55,0.061102361062902344,0.18573668096921073,0.018215476286819278
23.6,0.06022721486819779,0.18569872867138904,0.05252490167385288
23.65,0.05935809481379141,0.18563570030795204,0.11587711299069009
23.7,0.058495309201657235,0.18554750275784895,0.05780126839798973
23.75,0.05763956519176622,0.18543452996964943,0.10152992792976392
23.8,0.056791627102641046,0.18529728518430957,0.08640334176321465
23.85,0.05595223462292994,0.18513627974302102,0.18114060871458354
23.9,0.05512210281140664,0.18495203308721075,-0.0353667238654754
23.95,0.054301922096970254,0.18474507275854116,0.025478596802835353
24.0,0.05349235827864554,0.18451593439891015,0.07410073919282584
24.05,0.052694052525582714,0.184265161750451,0.048552353168865914
24.1,0.05190762137705748,0.18399330665553237,0.028471993316097375
24.15,0.05113365674247111,0.18370092905675844,0.10235479403445312
24.2,0.05037272590135021,0.18338859699696874,0.07732962534118769
24.25,0.04962537150334705,0.1830568866192383,0.08509611000477454
24.3,0.04889211156823935,0.18270638216687746,0.009832328830406363
24.35,0.04817343948593034,0.18233767598343212,0.08621928558705358
24.4,0.0474698240164488,0.18195136851268354,-0.02988788052924362
24.45,0.04678170928994885,0.18154806829864836,-0.023074579735419896
24.5,0.04610951480671025,0.18112839198557873,0.10303542382376682
24.55,0.04545363543713824,0.1806929643179622,0.07628087055197975
24.6,0.04481444142176358,0.18024241814052172,0.05010887064528939
24.65,0.0441922783712425,0.17977739439821572,-0.045239257736666524
24.7,0.0435874672663567,0.17929854213623797,0.06649163240652872
24.75,0.043000304458013436,0.17880651850001772,0.04906642038108493
24.8,0.04243106166724542,0.17830198873521966,0.13098662933447963
24.85,0.04187998598521095,0.1777856261877439,0.057362540287118735
24.9,0.04134729987319379,0.17725811230372598,0.10060701308963599
24.95,0.04083320116260306,0.17672013662953676,-0.01717934922072458
25.0,0.04033786305497365,0.17617239681178273,0.10882846163161969
25.05,0.03986143412196573,0.1756155985973056,0.02588870896060257
25.1,0.03940403830536503,0.1750504558331826,0.027993074440090915
25.15,0.03896577491708295,0.17447769046672654,0.0003026237534358156
25.2,0.03854671863915616,0.1738980325454854,-0.0733553113758036
25.25,0.0381469218385382,0.17331220826811936,0.012714073671909444
25.3,0.03776651803785686,0.17272049498388375,0.002506255598533992
25.35,0.037405627877119894,0.17212337376587392,0.0382763288681906
25.4,0.03706431703483126,0.1715215470561469,-0.02218861981337393
25.45,0.0367426335944639,0.170915704184058,0.052338809415844
25.5,0.0364406080444598,0.1703065213662611,0.06448312877616337
25.55,0.03615825327823,0.16969466170670838,0.07047604265858996
25.6,0.035895564594154515,0.1690807751966505,0.0176131906817889
25.65,0.03565251969558242,0.16846549871463645,0.06046072986662464
25.7,0.035429078690831735,0.16784945602651355,0.008187444635079394
25.75,0.03522518409318958,0.1672332577854277,0.015846490816227646
25.8,0.03504076082091206,0.16661750153182303,0.1043620695530871
25.85,0.034875716197224294,0.16600277169344219,0.08258676240070906
25.9,0.034729939950320456,0.1653896395853262,0.035118168901853083
25.95,0.034603304213363675,0.16477866340981437,0.012366046750226643
26.0,0.034495663524486166,0.16417038825654456,0.09759410142149882
26.05,0.03440685482678913,0.16356534610245296,0.08110424688899387
26.1,0.03433669746834279,0.16296405581177412,0.13578617026800993
26.15,0.03428499320218639,0.16236702313604112,-0.029944842770255324
26.2,0.03425152618632821,0.16177474071408526,0.05115182133457141
26.25,0.03423606298374551,0.16118768807203632,-0.035020409491368455
26.3,0.03423835256238462,0.16060633162332258,-0.09578153723693422
26.35,0.03425812629516085,0.16003112466867056,0.026551470564168553
26.4,0.03429509795995855,0.1594625073961053,-0.0033977812395993845
26.45,0.03434896373963108,0.1589009068809501,0.03581512308702829
26.5,0.034419402222000836,0.1583467370858267,0.08928986213648457
26.55,0.03450607439985921,0.15780039886065544,0.013283301407740478
26.6,0.03460862367096662,0.15726227994265488,0.048893347374244216
26.65,0.03472667583805252,0.1567327549563419,0.11260553440925314
26.7,0.03485983910881537,0.15621218541353188,0.02548694142183386
26.75,0.03500770409592265,0.15570091971333866,0.07079586240159266
26.8,0.035169843817010875,0.15519929314217434,0.00360720908817478
26.85,0.03534581369468554,0.1547076278737496,0.09378885259740613
26.9,0.0355351515565212,0.15422623296907323,0.020378021409391104
26.95,0.03573740403446193,0.1537553895637598,0.06393704741516751
27.0,0.035952554509140644,0.15329513795947436,0.014116678396405985
27.05,0.036180326939621296,0.15284570737587258,0.12145353366615906
27.1,0.03642028259821127,0.15240741024206012,0.045303885300534384
27.15,0.03667198379245287,0.15198054213743648,0.019117323380219983
27.2,0.03693499386512345,0.1515653817916949,-0.02933383992974191
27.25,0.037208877194235254,0.15116219108482246,0.09316529220683088
27.3,0.037493199193035516,0.15077121504710012,0.05555398767239765
27.35,0.03778752631000643,0.1503926818591025,-0.004143886397419312
27.4,0.03809142602886515,0.1500268028516982,-0.029616439264487517
27.45,0.03840446686856382,0.1496737725060495,0.06293575747563297
27.5,0.03872621838328953,0.1493337684536125,-0.04125431609226955
27.55,0.03905625116246434,0.14900695147613716,0.0415714238594031
27.6,0.039394136830745254,0.14869346550566723,0.03432422922551241
27.65,0.039739448048024234,0.14839343762454027,0.012797605180491004
27.7,0.04009175850942828,0.14810697806538764,-0.03302107487800771
27.75,0.040450642945319304,0.14783418021113445,0.02715461342480769
27.8,0.04081567712129414,0.14757512059499975,0.04551567561847538
27.85,0.041186437838184674,0.1473298589004963,-0.023097378083433207
27.9,0.041562502932057654,0.1470984379614307,0.07368113370070657
27.95,0.041943451274214935,0.14688088376190334,-0.060078924508553976
28.0,0.042328862771193215,0.1466772054363084,0.03861782405345102
28.05,0.04271831836476418,0.14648739526933396,0.12319419157863046
28.1,0.043111400031934526,0.14631142869596178,0.004650081860246638
28.15,0.04350769078494582,0.14614926430146755,-0.013826490637950307
28.2,0.04390677467127477,0.14600084382142067,0.06616685372674493
28.25,0.04430823677363285,0.1458660921416844,0.08368818331304058
28.3,0.044711663209966584,0.1457449172984158,0.10039732998020795
28.35,0.0451166411334575,0.14563721047806574,0.08810396650840405
28.4,0.045522758732522005,0.14554284601737888,0.01681794196032659
28.45,0.04592960523081155,0.14546168140339374,0.015538853699814496
28.5,0.046336770887212594,0.1453935572734425,0.0592970555254365
28.55,0.046743846995846335,0.14533829741515142,0.0625119007572544
28.6,0.04715042588606917,0.14529570876644027,0.09629126642572863
28.65,0.047556100922472325,0.14526558141552282,0.0679368482966147
28.7,0.04796046650488212,0.1452476886009066,0.01178837027404337
28.75,0.04836311806835975,0.14524178671139287,-0.021107671306441887
28.8,0.048763652083201325,0.14524761528607683,0.08078247002327472
28.85,0.049161666054938005,0.14526489701434744,-0.009224077010331663
28.9,0.04955675852433581,0.14529333773588743,0.06406058673932705
28.95,0.04994869880780103,0.14533283126323243,0.013756763821340057
29.0,0.050337502365175674,0.145383581142573,0.0333123373019055
29.05,0.05072283032880247,0.14544537395716733,0.07245965103646768
29.1,0.0511043393668633,0.14551797436455002,0.025532314806520906
29.15,0.05148169758245261,0.14560114373484043,0.08671973808934949
29.2,0.0518545845135775,0.14569464015074277,0.06991504447986623
29.25,0.05222269113315759,0.14579821840754614,0.035231632809340524
29.3,0.05258571984902512,0.14591163001312446,0.01625794146437575
29.35,0.05294338450392489,0.14603462318793645,0.03564891220434148
29.4,0.05329541037551429,0.14616694286502566,0.06798129775057624
29.45,0.05364153417636335,0.14630833069002055,0.0480467879570114
29.5,0.05398150405395463,0.14645852502113438,0.11471712731929395
29.55,0.0543150795906833,0.14661726092916522,0.05223565262292406
29.6,0.054642031803857107,0.14678427019749601,0.04825143251625302
29.65,0.054962143145696356,0.14695928132209451,0.0126903159524243
29.7,0.05527520750333403,0.14714201951151334,-0.00259336857088234
29.75,0.05558103019881562,0.14733220668688995,0.06770665450680353
29.8,0.055879427989099215,0.14752956148194663,0.038247940619352036
29.85,0.0561702290660555,0.14773379924299046,0.12724273225320412
29.9,0.05645327305646774,0.1479446320289134,0.08118486394540178
29.95,0.056728411022031834,0.1481617686111923,0.029515894245756673
30.0,0.05699550545935619,0.1483849144738887,0.09753407068614293
30.05,0.05725443029996187,0.1486137718136492,0.1600837688867829
30.1,0.05750507091028246,0.148848039539705,0.042192119937421335
30.15,0.05774732409166418,0.14908741327387226,0.06997177249318885
30.2,0.05798109808036584,0.14933158535055202,0.15122893478867383
30.25,0.05820631254755886,0.14958024481673007,-0.008035656971134585
30.3,0.058422898599327124,0.14983307743197705,0.06948916655200471
30.35,0.05863079877666721,0.15008976566844845,0.10531395963402518
30.4,0.05882996705548829,0.15034998871088462,0.08222552813652884
30.45,0.05902036884661211,0.15061342245661077,0.06740186611614034
30.5,0.05920198099577296,0.15087973951553688,0.08465106631751572
30.55,0.059374791783617716,0.15114860921015777,0.0004955152256418197
30.6,0.05953880092570589,0.15141969757555315,-0.06563367710889079
30.65,0.05969401712370542,0.15169270778289315,0.056897756456242655
30.7,0.05984042484459706,0.15196765098205095,-0.04276274284716769
30.75,0.05997800325288131,0.15224427819396685,0.05009242223369655
30.8,0.060106741068553605,0.15252226752207282,0.07114871872108672
30.85,0.06022663450540857,0.15280130399985467,-0.00404009765696596
30.9,0.06033768727103991,0.15308107959085201,0.08363660732605002
30.95,0.06043991056684049,0.15336129318865838,0.06606624377749411
31.0,0.06053332308800231,0.15364165061692106,0.0800622078694154
31.05,0.06061795102351648,0.1539218646293412,0.020084762567259544
31.1,0.06069382805617325,0.15420165490967383,0.04426891258804724
31.15,0.06076099536256201,0.15448074807172774,0.02023791958419873
31.2,0.060819501613071286,0.1547588776593657,0.034619684647815605
31.25,0.06086940297188871,0.15503578414650412,0.03183595885153088
31.3,0.06091076309700108,0.15531121493711345,0.007858522105440309
31.35,0.0609436531401943,0.15558492436521784,0.0705279389551183
31.4,0.06096815174705342,0.15585667369489534,0.1891428967210911
31.45,0.060984345056962604,0.15612623112027788,0.05879134512016568
31.5,0.06099232670310517,0.1563933717655511,0.03730138129478923
31.55,0.06099219781246356,0.1566578776849546,0.044895677637799114
31.6,0.060984067005819334,0.1569195378627818,0.071369729676
31.65,0.060968050397753215,0.1571781482133799,0.1400219210979752
31.7,0.06094427159664502,0.15743351158115,0.10426264235279042
31.75,0.06091286170467373,0.157685437740547,0.06937502407938731
31.8,0.06087395931781744,0.1579337433960797,0.036010239799164165
31.85,0.060827710525853375,0.1581782521823107,0.11518918018647839
31.9,0.060774268912357904,0.15841879466385642,0.05706587881678617
31.95,0.060713795554706525,0.15865520833538715,0.08055435663136541
32.0,0.06064645902407386,0.158887337621627,0.06395786900395277
32.05,0.06057243538543368,0.15911503387735393,0.020242321157073313
32.1,0.06049190819755884,0.15933815538739976,0.029418220882177517
32.15,0.06040506851302141,0.15955656736665008,-0.01757629832481268
32.2,0.06031211487819251,0.15977014196004447,0.08164914737273463
32.25,0.06021325333324245,0.15997875824257618,-0.0021402569429362153
32.3,0.06010869741214064,0.1601823022192924,0.04976507202253205
32.35,0.0599986681426556,0.16038066682529406,0.13583658319784309
32.4,0.05988339404635506,0.16057375192573609,-0.012458854449643605
32.45,0.059763111138605794,0.16076146431582714,0.06648508476446086
32.5,0.059638062928573786,0.16094371772082974,0.0601630145064414
32.55,0.05950850041922409,0.1611204327960602,0.19211727053727967
32.6,0.0593746821073209,0.16129153712688887,0.08180347133055652
32.65,0.05923682613798715,0.161456979571593,-0.012608104097261166
32.7,0.05909476074797637,0.16161681662575358,0.09779308615566733
32.75,0.05894861137576192,0.1617709892460773,0.04611896441211993
32.8,0.058798599652168625,0.16191941246881766,0.10466781249111318
32.85,0.05864494472410033,0.16206200817064234,0.05553322268951899
32.9,0.058487863254539946,0.16219870506863326,0.13463861507137975
32.95,0.05832756942254927,0.1623294387202866,0.12254514562720642
33.0,0.0581642749232692,0.16245415152351278,0.0763704084093743
33.05,0.05799818896791958,0.1625727927166364,0.017792693494399395
33.1,0.05782951828379922,0.16268531837839645,0.037664862325189105
33.15,0.057658467114286016,0.16279169142794594,0.0603340686949465
33.2,0.05748523721883677,0.16289188162485227,0.08162933165633851
33.25,0.05731002787298738,0.16298586556909703,0.02908624892622698
33.3,0.05713303586835265,0.16307362670107606,0.06001066799345802
33.35,0.056954455512626415,0.16315515530159944,0.04933127743289797
33.4,0.056774478629581536,0.16323044849189142,0.019364010715207686
33.45,0.056593294559069814,0.16329951023359063,0.09253439990699486
33.5,0.056411090157022135,0.16336235132874977,0.08909590461233122
33.55,0.0562280497954483,0.1634189894198359,-0.02040438866915302
33.6,0.056044355362437105,0.1634694489897303,0.017679219051793184
33.65,0.05586018626215644,0.16351376136172838,0.06504939992987036
33.7,0.05567571941485307,0.16355196469953992,0.08931817548275398
33.75,0.05549112925685288,0.1635841040072889,0.002848091901017223
33.8,0.05530658774056066,0.1636102311295135,0.1409926602151446
33.85,0.05512226433446019,0.1636304047511662,0.08643569445905373
33.9,0.05493832602311437,0.16364469039761362,0.02555335414784736
33.95,0.05475493730716493,0.1636531604346367,-0.043203366882310947
34.0,0.05457226020333276,0.16365589406843062,0.013359996096980978
34.05,0.05439045424441763,0.16365297734560472,0.03429993501035784
34.1,0.054209676479298315,0.16364450315318266,0.08293650677045439
34.15,0.05403008147293271,0.16363057121860228,0.0795533753129771
34.2,0.05385182130635753,0.1636112881097157,0.034438840174630864
34.25,0.05367504557668864,0.16358676723478927,0.09608967660425469
34.3,0.05349990139712083,0.16355712884250354,0.05265381327033425
34.35,0.05332653339692785,0.16352250002195334,0.06199460257422448
34.4,0.053155083721462555,0.1634830147026477,-0.025164867614797054
34.45,0.052985692032156716,0.1634388136545099,0.025742160158083786
34.5,0.05281849550652114,0.1633900444878775,0.026153642191611495
34.55,0.052653628838145596,0.16333686165350228,0.012960624529463873
34.6,0.05249122423669887,0.16327942644255014,0.12246417547922092
34.65,0.0523314114279288,0.1632179069866014,0.08684045632936449
34.7,0.05217431765366209,0.1631524782576505,0.0829618634985013
34.75,0.05202006767180458,0.16308332206810622,0.08623549648176757
34.8,0.05186878375634103,0.1630106270707914,0.07033295082663507
34.85,0.05172058103043561,0.16293458011138343,0.07327951491607022
34.9,0.051575389692125086,0.16285502350781636,0.05701039537412507
34.95,0.05143322459357427,0.1627719292049514,0.0337512432493926
35.0,0.05129419213930734,0.16268544129742077,0.029327417871058435
35.05,0.0511583935240209,0.1625957030137614,0.028090967911146396
35.1,0.051025924732584084,0.16250285671641487,0.03142356375719173
35.15,0.050896876540038605,0.16240704390172755,0.007000881897721488
35.2,0.05077133451159859,0.1623084051999504,0.02550714776872197
35.25,0.05064937900265078,0.16220708037523923,-0.011836877104465716
35.3,0.05053108515875436,0.16210320832565442,0.009599288983587542
35.35,0.050416522915641034,0.1619969270831611,0.05508048870444733
35.4,0.05030575699921507,0.16188837381362917,-0.090912373048153
35.45,0.05019884692555318,0.16177768481683308,0.11403159653427015
35.5,0.050095847000904664,0.1616649955264522,0.10787233573238547
35.55,0.049996806321691276,0.16155044051007042,0.15480562784262605
35.6,0.04990176877450729,0.1614341534691764,0.08467604300554837
35.65,0.04981077303611955,0.1613162672391635,0.1447681365599116
35.7,0.04972385257346732,0.16119691378932982,0.1399579805134472
35.75,0.04964103564366248,0.16107622422287815,0.03389000780376289
35.8,0.04956234529398935,0.16095432877691593,0.10282721707582454
35.85,0.049487799361904776,0.16083135682245533,0.041100381093490984
35.9,0.04941741047503816,0.1607074368644133,0.014540767790110043
35.95,0.04935118605119135,0.16058269654161136,0.13833765183257546
36.0,0.04928912829833878,0.16045726262677587,-0.026091641833142186
36.05,0.04923123421462735,0.16033126102653783,0.06161232071439026
36.1,0.04917749558837647,0.1602048167814329,0.05332618551697486
36.15,0.049127898998078096,0.1600780540659015,0.07419493984651175
36.2,0.04908242581239668,0.1599510961882888,0.06903791394674447
36.25,0.049041052190169195,0.15982406559084456,0.023232753406215004
36.3,0.049003749080405105,0.15969708384972334,-0.02554393029988692
36.35,0.048970482222286414,0.15957027167498433,0.1793831972852463
36.4,0.04894121214516765,0.15944374891059154,0.10291852688196879
36.45,0.04891589416857579,0.15931763453441353,-0.0426399168649431
36.5,0.04889447840221041,0.15919204665822367,-0.04336107781718786
36.55,0.04887690974594354,0.15906710252770004,0.09368612259495632
36.6,0.04886312788981975,0.1589429185224253,0.013936140000378773
36.65,0.04885306731405612,0.15881961015588703,0.15199796445616903
36.7,0.04884665728904223,0.15869729207547728,0.012774888227170982
36.75,0.048843821875340206,0.15857607806249302,0.005722668272165644
36.8,0.04884447992368464,0.15845608103213576,-0.009885028630383381
36.85,0.048848545074982666,0.15833741303351173,0.04495309079838919
36.9,0.04885594725967071,0.1582201480956788,0.06776492979380619
36.95,0.04886673795644238,0.15810416590660867,0.02795819562102712
37.0,0.04888087616300872,0.15798953880152392,0.057115527427897265
37.05,0.04889829797323832,0.15787637581658162,0.1224145559433274
37.1,0.04891893843445218,0.1577647820004902,0.07410029198950152
37.15,0.04894273154742369,0.15765485841450946,0.02932912039040031
37.2,0.0489696102663787,0.1575467021324505,0.10315815445057586
37.25,0.04899950649899544,0.1574404062406759,-0.035906225262508945
37.3,0.04903235110640456,0.1573360598380995,-0.0021334356430612877
37.35,0.04906807390318914,0.15723374803618645,0.06407191575621751
37.4,0.04910660365738466,0.15713355195895343,0.07323089009702151
37.45,0.049147868090479024,0.15703554874296827,-0.03614851439220903
37.5,0.049191793877412536,0.15693981153735034,0.10075304917816139
37.55,0.04923830664657794,0.15684640950377027,0.00016681112033167106
37.6,0.049287330979820375,0.15675540781645,0.062149385821758496
37.65,0.049338790412437404,0.15666686766216298,0.007174210782680254
37.7,0.049392607433179,0.15658084624023388,0.10168674216661078
37.75,0.04944870348424755,0.15649739676253882,0.16881812945956903
37.8,0.04950699896129785,0.15641656845350516,0.10154673656165628
37.85,0.04956741321343715,0.15633840655011175,0.015013818903950357
37.9,0.04962986454322505,0.15626295230188872,0.07284882154964967
37.95,0.04969427020667362,0.15619024297091755,0.03584134287527119
38.0,0.049760546413247314,0.15612031183183114,0.003261430086117345
38.05,0.049828608325863014,0.1560531881718137,0.03636755151250766
38.1,0.04989837006089003,0.1559888972906008,-0.03733000343861024
38.15,0.04996974468815004,0.1559274605004794,0.1093986709369002
38.2,0.0500426442309172,0.15586889512628774,0.20594642814291025
38.25,0.05011697966591802,0.1558132145054155,0.08729259144932022
38.3,0.050192660923331474,0.15576042798780365,0.03254139592466833
38.35,0.050269596886788934,0.1557105409359446,-0.0013923600620034393
38.4,0.05034769539337416,0.15566355472488208,0.06787505353687835
38.45,0.05042686323362337,0.1556194667422111,0.07389244495962626
38.5,0.050507006151525174,0.15557827038807814,0.05967691989167476
38.55,0.05058802884452059,0.155539955075181,0.006978591901107341
38.6,0.05066983496350309,0.1555045062287688,0.0006960100347446901
38.65,0.0507523271128185,0.15547190528664206,0.05708880459292871
38.7,0.05083540685026511,0.15544212969915264,-0.00420013388125394
38.75,0.050918974687093596,0.15541515292920374,0.08862607405940243
38.8,0.05100293008800707,0.15539094445225,0.06752340549169478
38.85,0.05108717147116106,0.15536946975629726,0.041154195704123965
38.9,0.05117159620816347,0.1553506903419029,0.026214360275296396
38.95,0.051256100624074694,0.1553345637221755,0.05377916854723294
39.0,0.05134057999740744,0.1553210434227751,0.02632099159106873
39.05,0.051424928560126926,0.1553100789819131,0.05747223040628459
39.1,0.05150903949765073,0.15530161595035213,0.1067087358132422
39.15,0.05159280494884885,0.15529559589140637,0.06966213048502384
39.2,0.05167611600604374,0.15529195638094118,0.0666207492535692
39.25,0.05175887292785439,0.15529063566504564,0.1604758823806414
39.3,0.05184124334188236,0.15529169704969953,0.03590888331927888
39.35,0.05192325727607036,0.155295155404883,0.01915782282508005
39.4,0.05200482719591852,0.15530097245637417,0.07758637489634257
39.45,0.05208586817502267,0.1553091089981653,0.021624570129088222
39.5,0.05216629789507428,0.15531952489246284,0.16383296377738915
39.55,0.052246036645860486,0.15533217906968744,0.04781092900946897
39.6,0.052325007325264114,0.15534702952847385,0.06206178080407623
39.65,0.052403135439263615,0.1553640333356711,0.008771427937421312
39.7,0.052480349101933145,0.15538314662634226,0.10450986048698588
39.75,0.05255657903544249,0.1554043246037647,0.040953478054124214
39.8,0.052631758570057106,0.15542752153942987,0.09684757016578843
39.85,0.05270582364413815,0.15545269077304347,0.0411209656220276
39.9,0.0527787128041424,0.1554797847125253,0.18121756575757625
39.95,0.052850367204622314,0.1555087548340094,0.009123473875822491
40.0,0.05292073060822602,0.15553955168184389,0.07516661679340851
40.05,0.05298974938569729,0.15557212486859118,0.08279833287160299
40.1,0.053057372515875605,0.15560642307502778,0.04850661076502884
40.15,0.05312355158569605,0.15564239405014435,0.10764753282951264
40.2,0.05318824079018944,0.15567998461114582,0.11829035440746857
40.25,0.05325139693248219,0.1557191406434512,0.12283669647618356
40.3,0.053312979423796425,0.15575980710069368,0.04796839243231555
40.35,0.053372950283449926,0.15580192800472067,-0.02356130544354295
40.4,0.053431274138856115,0.15584544644559375,0.10882587621493278
40.45,0.053487918225524116,0.15589030458158862,0.15147525452914234
40.5,0.05354285238705868,0.1559364436391952,0.05767755864790982
40.55,0.05359604907516024,0.15598380391311756,0.024276620052625708
40.6,0.05364748334962491,0.15603232476627396,-0.030896164683808923
40.65,0.053697132878344433,0.15608194462979683,0.03458585294945239
40.7,0.05374497793730626,0.15613260100303275,-0.05417700387751907
40.75,0.053791001410593446,0.15618423045354252,0.1343621115699033
40.8,0.05383518879038478,0.156236768617101,0.07428021746030318
40.85,0.053877528176954674,0.1562901501976974,0.043578037927261136
40.9,0.05391801027867319,0.15634430896753496,0.0955363366401444
40.95,0.053956628412006116,0.15639917776703116,-0.02092774474648796
41.0,0.05399337850151483,0.15645468850481759,0.06933208370085783
41.05,0.054028259079856436,0.1565107721577401,0.07328267883351254
41.1,0.05406127128778366,0.15656735877085864,0.007865818308795645
41.15,0.054092418874144906,0.1566243774574474,0.050105404019164065
41.2,0.05412170819588427,0.15668175639899465,0.08765010079540844
41.25,0.05414914821804147,0.1567394228452029,0.023065374911485623
41.3,0.0541747505137519,0.15679730311398885,0.05982216252772021
41.35,0.05419852926424664,0.15685532259148333,0.03905332268937026
41.4,0.05422050125885243,0.1569134057320313,0.09656204521354916
41.45,0.05424068589499163,0.15697147605819203,0.1483608509013464
41.5,0.054259105178182325,0.15702945616073882,0.13446180100266855
41.55,0.05427578372203823,0.15708726769865922,0.15592688736103927
41.6,0.054290748748268745,0.15714483139915494,0.07208773185981282
41.65,0.054304027857405256,0.15720207827280203,-0.05918602416266016
41.7,0.054315604159100715,0.15725914910821706,0.02325040220389502
41.75,0.05432547465247922,0.15731606187728206,0.10008808189598242
41.8,0.054333652058134,0.15737275401405315,0.1305659610099952
41.85,0.05434015014662447,0.15742916474188892,0.043456393362209335
41.9,0.054344983738476245,0.15748523507345039,0.038849493342067276
41.95,0.0543481687041811,0.1575409078107009,0.022064432408427682
42.0,0.054349721964197004,0.15759612754490632,-0.03277197290075817
42.05,0.054349661488948146,0.15765084065663487,0.07058842840103519
42.1,0.05434800629882485,0.15770499531575724,0.11775436734961409
42.15,0.054344776464183675,0.15775854148144644,-0.011137394453323311
42.2,0.05433999310534734,0.15781143090217797,0.09959244015327581
42.25,0.054333678392604744,0.15786361711572977,0.07793545088287551
42.3,0.054325855546211,0.15791505544918213,0.039265357955861634
42.35,0.05431654883638739,0.1579657030189178,0.10245894002114361
42.4,0.05430578358332139,0.1580155187306219,0.025859975713819316
42.45,0.05429358615716665,0.158064463279282,0.0553522022683452
42.5,0.054279983978043025,0.15811249914918812,0.021339435530086513
42.55,0.05426500551603655,0.15815959061393262,0.11467532008974451
42.6,0.05424868029119945,0.15820570373641032,0.08023055865966928
42.65,0.05423103887355012,0.15825080636881847,0.07423361923332872
42.7,0.05421211288307316,0.15829486815265673,0.024244551558714196
42.75,0.054191934989719366,0.15833786051872709,0.1206628458260411
42.8,0.054170538913405696,0.15837975668713408,0.0903835857012775
42.85,0.0541479594240153,0.1584205316672846,0.02835731008106708
42.9,0.05412423234139753,0.15846016225788795,0.0001913411947999516
42.95,0.05409939453536791,0.15849862704695586,0.057252089949836035
43.0,0.054073483925708175,0.15853590641180243,0.12160347409987586
43.05,0.05404653948216621,0.15857198251904428,0.14188769782065955
43.1,0.05401860122445611,0.15860683932460037,0.04877567405742686
43.15,0.053989710222258167,0.15864046257369208,0.1358975577535649
43.2,0.05395990859521883,0.1586728398008432,0.0257089611066858
43.25,0.05392923951295077,0.15870396032987996,0.1125201805892806
43.3,0.05389774719503281,0.15873381527393102,-0.02168779123077951
43.35,0.05386547691100999,0.15876239753542742,0.11102232902413661
43.4,0.053832474980393515,0.15878970180610263,0.09014999785899827
43.45,0.05379878877266079,0.15881572456699256,0.044989946592291614
43.5,0.053764466707255404,0.15884046408843547,0.1778015685668135
43.55,0.05372955825358713,0.1588639204300721,0.056710201545721144
43.6,0.05369411393103193,0.1588860954408456,0.10119476627436685
43.65,0.053658185308931954,0.1589069927590015,0.06646147623501969
43.7,0.05362182500659553,0.15892661781208775,-0.02936782218063709
43.75,0.0535850866932972,0.15894497781695477,-0.017795783793440788
43.8,0.05354802508827767,0.15896208177975535,-0.05103943054675242
43.85,0.05351069596074383,0.15897794049594471,0.04209433923743248
43.9,0.053473156129868755,0.15899256655028043,0.08193314130855595
43.95,0.053435463464791735,0.15900597431682265,0.05727317609070216
44.0,0.05339767688461824,0.15901817995893375,0.0860963040993849
44.05,0.05335985635841988,0.15902920142927865,0.00679134542013618
44.1,0.053322060442270634,0.15903905875234392,0.10891225914890719
44.15,0.05328416630076079,0.15904778968796063,0.12201858692662823
44.2,0.053246112015248856,0.15905541096236878,0.12155047046058162
44.25,0.05320794600755263,0.15906192448543616,0.07892928443697639
44.3,0.05316971553636405,0.15906733303557916,0.05586264413688734
44.35,0.053131466697249184,0.15907164025976267,-0.04648851394713548
44.4,0.05309324442264829,0.1590748506735001,0.04868218617671027
44.45,0.053055092481875725,0.15907696966085344,0.0333914254512189
44.5,0.05301705348112003,0.15907800347443313,0.00933754617132597
44.55,0.05297916886344386,0.15907795923539822,0.010752797726540503
44.6,0.052941478908784034,0.15907684493345622,0.08814420131534272
44.65,0.052904022733951526,0.15907466942686327,0.03048021849496794
44.7,0.05286683829263143,0.1590714424424239,0.00019511645178740128
44.75,0.05282996237538302,0.1590671745754913,-0.030155651621626735
44.8,0.052793430609639674,0.1590618772899671,0.047567097021612395
44.85,0.05275727745970896,0.15905556291830153,0.03945782017108164
44.9,0.05272153622677256,0.1590482446614933,-0.017584991721810203
44.95,0.052686239048886314,0.15903993658908966,0.11144494455609669
45.0,0.05265141690098022,0.15903065363918642,-0.016644119965280445
45.05,0.052617099594858406,0.1590204116184279,0.14352038855929733
45.1,0.05258331577919914,0.15900922720200691,0.052931527446683634
45.15,0.052550092939554864,0.1589971179336649,0.0936013590409987
45.2,0.05251745739835214,0.15898410222569168,0.022967161368802464
45.25,0.05248543431489169,0.15897019935892578,0.060235185083889226
45.3,0.05245404768534837,0.15895542948275412,0.08366504786245081
45.35,0.0524233203427712,0.15893981361511222,0.0722489638069284
45.4,0.05239327395708334,0.1589233736424841,0.040972695668938464
45.45,0.05236392903508208,0.1589061323199023,0.03801875102402157
45.5,0.05233530492043888,0.15888811327094798,0.0316233664428202
45.55,0.05230741979369933,0.15886934098775068,0.10576037883730406
45.6,0.05228029067228317,0.1588498408309886,0.02075938256405381
45.65,0.05225393341048429,0.15882963902988842,-0.03610165156492254
45.7,0.052228362699470725,0.15880876268222532,0.06336466554914773
45.75,0.052203592067284664,0.1587872397543231,0.07492848340278761
45.8,0.052179633878842425,0.15876509908105396,-0.01544939209871947
45.85,0.05215649933593448,0.15874237036583874,0.13032279326785906
45.9,0.052134198477225446,0.15871908418064679,0.07425265374720058
45.95,0.0521127401782541,0.15869527196599595,0.020997879071334203
46.0,0.052092132151433344,0.15867096603095263,-0.004681112948312402
46.05,0.05207238094605025,0.15864619955313172,0.08932455259781742
46.1,0.052053491948265994,0.1586210065786967,0.028759521224237555
46.15,0.05203546938111596,0.15859542202235957,0.10079165489789677
46.2,0.05201831630450962,0.15856948166738083,0.04702097132836919
46.25,0.05200203461523063,0.15854322216556951,0.08890649583471424
46.3,0.05198662504693678,0.1585166810372832,-0.017448688987231536
46.35,0.051972087170160004,0.158489896671428,0.01864972091940205
46.4,0.05195841939230638,0.15846290832545853,0.03331194735822082
46.45,0.05194561895765614,0.158435756125378,0.023099833657798816
46.5,0.05193368194736366,0.15840848106573807,0.029056222314456977
46.55,0.05192260327945746,0.15838112500963897,0.05553198584967516
46.6,0.051912376708840205,0.15835373068872946,-0.07060824545445413
46.65,0.05190299482728871,0.15832634170320686,0.06806658215369923
46.7,0.051894449063453925,0.15829900252181694,0.12501371475197626
46.75,0.051886729682860976,0.1582717584818541,0.09104874455339004
46.8,0.0518798257879091,0.15824465578916116,0.029703760355680058
46.85,0.051873725317871704,0.15821774151812953,0.009313488732897598
46.9,0.05186841504889632,0.1581910636116992,0.009088513632097943
46.95,0.05186388059400465,0.1581646708813586,0.07036806096854276
47.0,0.05186010640309254,0.15813861300714477,-0.014541607570571137
47.05,0.05185707576292995,0.1581129405376432,0.22233255140847097
47.1,0.0518547788248109,0.15808758843803133,0.04895209579523297
47.15,0.05185321816513606,0.15806237734491219,0.05101005327646641
47.2,0.05185238619293454,0.15803733019493177,0.03480523571815161
47.25,0.051852274642639744,0.15801247397611504,0.00399087239185468
47.3,0.0518528748639211,0.15798783482241194,0.06049823673098352
47.35,0.0518541778216841,0.15796343801369753,0.07838592616141016
47.4,0.05185617409607023,0.15793930797577185,0.04819141695191398
47.45,0.051858853882457076,0.15791546828036013,0.094560780153045
47.5,0.05186220699145821,0.15789194164511253,0.019720767437840115
47.55,0.05186622284892326,0.15786874993360434,-0.015675866864545973
47.6,0.051870890495937926,0.15784591415533591,0.018740012941159165
47.65,0.051876198588823905,0.15782345446573265,-0.0023075065444315354
47.7,0.05188213539913895,0.157801390166145,0.13659201984533093
47.75,0.05188868881367686,0.1577797397038485,0.04573767379236212
47.8,0.05189584633446746,0.15775852067204374,0.059918102054431696
47.85,0.051903595078776635,0.15773774980985636,0.04482976993602431
47.9,0.051911921779106286,0.15771744300233712,0.07624379510723138
47.95,0.051920812783194374,0.15769761528046172,0.03847306344542266
48.0,0.05193025405401489,0.15767828082113103,-0.0248448049267362
48.05,0.05194023116977786,0.15765945294717099,0.03864297342229195
48.1,0.05195072932392938,0.1576411441273325,0.07357545922539076
48.15,0.05196173332515153,0.1576233659762916,0.013131497708476998
48.2,0.05197322759736248,0.15760612925464937,0.06984645009855439
48.25,0.05198519617971642,0.15758944386893198,0.06933130184619572
48.3,0.05199762272660358,0.15757331887159065,0.0909467026663428
48.35,0.052010490507650234,0.1575577624610016,0.07138210525111707
48.4,0.0520237824077187,0.1575427819814662,0.10407711461850086
48.45,0.05203748092690732,0.15752838392321084,0.03123336371875842
48.5,0.052051568180550484,0.15751457392238696,0.01255100349645804
48.55,0.052066025899218625,0.15750135676107108,0.14390643950760224
48.6,0.052080835428718227,0.1574887363672648,0.02848264817897273
48.65,0.05209597773009178,0.15747671581489475,0.08406850058838586
48.7,0.05211143337961786,0.15746529732381265,0.015253519874347789
48.75,0.052127182568811034,0.15745448225979525,0.10345150233412267
48.8,0.05214320510442195,0.1574442711345444,0.04710464284923985
48.85,0.052159480408437264,0.15743466360568695,0.12974367946098372
48.9,0.052175987518079704,0.1574256584767749,0.04443396540490847
48.95,0.052192705085808005,0.1574172536972852,-0.010783285381494014
49.0,0.05220961137931696,0.15740944636262,0.11133408221692531
49.05,0.05222668428153741,0.1574022327141064,0.039864153900031105
49.1,0.05224390129063622,0.1573956081389966,0.09552291677104052
49.15,0.05226123952001629,0.15738956717046787,0.0035110038747196565
49.2,0.052278675698316575,0.15738410348762255,0.08875968864624656
49.25,0.05229618616941207,0.157379209915488,0.043400629270104116
49.3,0.052313746892413804,0.15737487842501668,0.03952958052977196
49.35,0.05233133344166884,0.1573711001330861,0.04421094103663245
49.4,0.05234892100676029,0.15736786530249885,0.08603695253931493
49.45,0.052366484392507316,0.15736516334198256,0.04576325655538751
49.5,0.05238399801896509,0.15736298280618988,-0.021466152782966597
49.55,0.05240143592142484,0.15736131139569862,0.0698732929037906
49.6,0.052418771750413845,0.15736013595701157,0.10157997658114504
49.65,0.05243597877169541,0.15735944248255662,0.08184585918712974
49.7,0.05245302986626889,0.15735921611068673,0.13871836899254086
49.75,0.05246994355983604,0.15735946804369919,0.10469839051400609
49.8,0.05248675767975456,0.1573602208027324,0.09570407542543329
49.85,0.05250345800395838,0.15736146630607453,0.05155609296940173
49.9,0.05252003048388934,0.15736319605063448,0.026017665690773125
49.95,0.05253646140489959,0.15736540120520784,0.02831459480781933
50.0,0.0525527373862515,0.15736807261047697,0.12175483958590716
